{"Train Loss": 1.556008003853463, "Epoch": 1, "_timestamp": 1695133331.121372, "_runtime": 65.89568305015564, "_step": 92, "Train Accuracy": 0.4702194357366771, "Validation Loss": 1.6285046728971964, "Validation Accuracy": 0.5607476635514018}